<?xml version="1.0" encoding="utf-8"?>
<rss version="2.0">
    <channel>
        <title>CiteDrive Documentation Blog</title>
        <link>http://citedrive.com/blog</link>
        <description>CiteDrive Documentation Blog</description>
        <lastBuildDate>Thu, 30 May 2019 00:00:00 GMT</lastBuildDate>
        <docs>https://validator.w3.org/feed/docs/rss2.html</docs>
        <generator>https://github.com/jpmonette/feed</generator>
        <item>
            <title><![CDATA[Welcome to CiteDrive Docs]]></title>
            <link>http://citedrive.com/support/blog/welcome</link>
            <guid>welcome</guid>
            <pubDate>Thu, 30 May 2019 00:00:00 GMT</pubDate>
            <description><![CDATA[...]]></description>
        </item>
    </channel>
</rss>